id,name,item_count,created_at,updated_at
UC_4tXjqecqox5Uc05ncxpxg,椎名唯華,1583,2024-01-01 12:30:41,2024-01-01 12:30:41
UC_82HBGtvwN1hcGeOGHzUBQ,空星きらめ,589,2024-01-01 12:30:41,2024-01-01 12:30:41
UC_D2DNy-KUNQJ_NGMppgmyg,JuvveL,2,2024-01-01 12:30:41,2024-01-01 12:30:41
UC_GCs6GARLxEHxy1w40d6VQ,家長むぎ,258,2024-01-01 12:30:41,2024-01-01 12:30:41
UC-6rZgmxZSIbq786j3RD5ow,レオス・ヴィンセント,651,2024-01-01 12:30:41,2024-01-01 12:30:41
UC-JSeFfovhNsEhftt1WHMvg,NIJISANJI EN,761,2024-01-01 12:30:41,2024-01-01 12:30:41
UC-o-E6I3IC2q8sAoAuM6Umg,奈羅花,803,2024-01-01 12:30:41,2024-01-01 12:30:41
UC0g1AE0DOjBYnLhkgoRWN1w,本間ひまわり,1609,2024-01-01 12:30:41,2024-01-01 12:30:41
UC0WwEfE-jOM2rzjpdfhTzZA,愛園愛美,615,2024-01-01 12:30:41,2024-01-01 12:30:41
UC1QgXt46-GEvtNjEC1paHnw,グウェル・オス・ガール,794,2024-01-01 12:30:41,2024-01-01 12:30:41
UC1vawzfbCnRpHT9SJ5pHlHw,赤城ウェン,259,2024-01-01 12:30:41,2024-01-01 12:30:41
UC1zFJrfEKvCixhsjNSb1toQ,シスター・クレア,2348,2024-01-01 12:30:41,2024-01-01 12:30:41
UC2OacIzd2UxGHRGhdHl1Rhw,早瀬走,620,2024-01-01 12:30:41,2024-01-01 12:30:41
UC3lNFeJiTq6L3UWoz4g1e-A,卯月コウ,811,2024-01-01 12:30:41,2024-01-01 12:30:41
UC47rNmkDcNgbOcM-2BwzJTQ,Millie Parfait,550,2024-01-01 12:30:41,2024-01-01 12:30:41
UC48jH1ul-6HOrcSSfoR02fQ,夕陽リリ,962,2024-01-01 12:30:41,2024-01-01 12:30:41
UC4l9gz3q65lTBFfFtW5LLeA,渡会雲雀,380,2024-01-01 12:30:41,2024-01-01 12:30:41
UC4WvIIAo89_AzGUh1AZ6Dkg,Rosemi Lovelock,595,2024-01-01 12:30:41,2024-01-01 12:30:41
UC4yNIKGvy-YUrwYupVdLDXA,Ike Eveland,368,2024-01-01 12:30:41,2024-01-01 12:30:41
UC53UDnhAAYwvNO7j_2Ju1cQ,ドーラ,873,2024-01-01 12:30:41,2024-01-01 12:30:41
UC5dJFf4m-mEcoyJRfhBljoA,セラフ・ダズルガーデン,342,2024-01-01 12:30:41,2024-01-01 12:30:41
UC5ek2GWKvUKFgnKSHuuCFrw,So Nagi,476,2024-01-01 12:30:41,2024-01-01 12:30:41
UC5qSx7KzdRwbsO1QmJc4d-w,Siska Leontyne,0,2024-01-01 12:30:41,2024-01-01 12:30:41
UC5yckZliCkuaEFbqzLBD7hQ,Reza Avanluna,774,2024-01-01 12:30:41,2024-01-01 12:30:41
UC6oDys1BGgBsIC3WhG1BovQ,静凛,1563,2024-01-01 12:30:41,2024-01-01 12:30:41
UC6TfqY40Xt1Y0J-N18c85qQ,安土桃,276,2024-01-01 12:30:41,2024-01-01 12:30:41
UC6WFKwYptsxVue56Lx218vg,小柳ロウ,193,2024-01-01 12:30:41,2024-01-01 12:30:41
UC6wvdADTJ88OfIbJYIpAaDA,不破湊,1211,2024-01-01 12:30:41,2024-01-01 12:30:41
UC7_MFM9b8hp5kuTSpa8WyOQ,栞葉るり,47,2024-01-01 12:30:41,2024-01-01 12:30:41
UC7Gb7Uawe20QyFibhLl1lzA,Luca Kaneshiro,486,2024-01-01 12:30:41,2024-01-01 12:30:41
UC7hffDQLKIEG-_zoAQkMIvg,Akira Ray,385,2024-01-01 12:30:41,2024-01-01 12:30:41
UC8C1LLhBhf_E2IBPLSDJXlQ,健屋花那,901,2024-01-01 12:30:41,2024-01-01 12:30:41
UC8oPnditPSp5lZu45fnXWCA,アクシア・クローネ,1,2024-01-01 12:30:41,2024-01-01 12:30:41
UC8Snw5i4eOJXEQqURAK17hQ,Rai Galilei,313,2024-01-01 12:30:41,2024-01-01 12:30:41
UC9EjSJ8pvxtvPdxLOElv73w,魔界ノりりむ,1095,2024-01-01 12:30:41,2024-01-01 12:30:41
UC9oudjCTHL2BfwxfDwI18eg,Ko Yami,83,2024-01-01 12:30:41,2024-01-01 12:30:41
UC9V3Y3_uzU5e-usObb6IE1w,星川サラ,1176,2024-01-01 12:30:41,2024-01-01 12:30:41
UCA3WE2WRSpoIvtnoVGq4VAw,ZEA Cornelia,18,2024-01-01 12:30:41,2024-01-01 12:30:41
UCahgMxSIQ2zIRrPKhM6Mjvg,Mika Melatika,637,2024-01-01 12:30:41,2024-01-01 12:30:41
UCambvP8yxNDot4FzQc9cgiw,宇佐美リト,229,2024-01-01 12:30:41,2024-01-01 12:30:41
UCAQDFeCTVdx90GtwohwjHzQ,天ヶ瀬むゆ,273,2024-01-01 12:30:41,2024-01-01 12:30:41
UCb5JxV6vKlYVknoJB8TnyYg,黛灰,604,2024-01-01 12:30:41,2024-01-01 12:30:41
UCb6ObE-XGCctO3WrjRZC-cw,ルイス・キャミー,992,2024-01-01 12:30:41,2024-01-01 12:30:41
UCbc8fwhdUNlqi-J99ISYu4A,ベルモンド・バンデラス,1277,2024-01-01 12:30:41,2024-01-01 12:30:41
UCBi8YaVyZpiKWN3_Z0dCTfQ,赤羽葉子,281,2024-01-01 12:30:41,2024-01-01 12:30:41
UCBiqkFJljoxAj10SoP2w2Cg,文野環,600,2024-01-01 12:30:41,2024-01-01 12:30:41
UCbLgcjfsUaCUgJh9SVit8kw,NIJISANJI ID,135,2024-01-01 12:30:41,2024-01-01 12:30:41
UCBURM8S4LH7cRZ0Clea9RDA,Reimu Endou,632,2024-01-01 12:30:41,2024-01-01 12:30:41
UCC7rRD6P7RQcx0hKv9RQP4w,風楽奏斗,411,2024-01-01 12:30:41,2024-01-01 12:30:41
UCcDDxnoQcezyTUzHg5uHaKg,四季凪アキラ,293,2024-01-01 12:30:41,2024-01-01 12:30:41
UCCHH0nWYXFZmtDS_4tvMxHQ,Yang Nari,824,2024-01-01 12:30:41,2024-01-01 12:30:41
UCCJcCWrbQzz6eDhX4M1CUwg,Lee on,7,2024-01-01 12:30:41,2024-01-01 12:30:41
UCckdfYDGrjojJM28n5SHYrA,Vox Akuma,462,2024-01-01 12:30:41,2024-01-01 12:30:41
UCClwIqTUn5LDpFucHyaAhHg,Lee Roha,411,2024-01-01 12:30:41,2024-01-01 12:30:41
UCCVwhI5trmaSxfcze_Ovzfw,夢月ロア,356,2024-01-01 12:30:41,2024-01-01 12:30:41
UCD-miitqNY3nyukJ4Fnf4_A,月ノ美兎,841,2024-01-01 12:30:41,2024-01-01 12:30:41
UCdh-YF2gTzqDNu0VU9lwPPw,Claude Clawmark,57,2024-01-01 12:30:41,2024-01-01 12:30:41
UCdpUojq0KWZCN9bxXnZwz5w,アルス・アルマル,1447,2024-01-01 12:30:41,2024-01-01 12:30:41
UCe_p3YEuYJb8Np0Ip9dk-FQ,朝日南アカネ,1,2024-01-01 12:30:41,2024-01-01 12:30:41
UCe22Bcwd_GCpTjLxn83zl7A,先斗寧,492,2024-01-01 12:30:41,2024-01-01 12:30:41
UCebT4Aq-3XWb5je1S1FvR_A,東堂コハク,313,2024-01-01 12:30:41,2024-01-01 12:30:41
UCeGendL8CO5RkffB6IFwHow,Seffyna,947,2024-01-01 12:30:41,2024-01-01 12:30:41
UCeK9HFcRZoTrvqcUCtccMoQ,渋谷ハジメ,2158,2024-01-01 12:30:41,2024-01-01 12:30:41
UCerkculBD7YLc_vOGrF7tKg,魔使マオ,865,2024-01-01 12:30:41,2024-01-01 12:30:41
UCeShTCVgZyq2lsBW9QwIJcw,郡道美玲,1,2024-01-01 12:30:41,2024-01-01 12:30:41
UCFgXWZOUZA2oYHNr6qDmsTQ,Scarle Yonaguni,671,2024-01-01 12:30:41,2024-01-01 12:30:41
UCfipDDn7wY-C-SoUChgxCQQ,葉山舞鈴,698,2024-01-01 12:30:41,2024-01-01 12:30:41
UCfQVs_KuXeNAlGa3fb8rlnQ,桜凛月,1750,2024-01-01 12:30:41,2024-01-01 12:30:41
UCFtyinR2ZdvKK_Xgy07qXUg,ミラン・ケストレル,43,2024-01-01 12:30:41,2024-01-01 12:30:41
UCG0rzBZV_QMP4MtWg6IjhEA,Shu Yamino,380,2024-01-01 12:30:41,2024-01-01 12:30:41
UCg63a3lk6PNeWhVvMRM_mrQ,小野町春香,1337,2024-01-01 12:30:41,2024-01-01 12:30:41
UCgA2jKRkqpY_8eysPUs8sjw,Petra Gurin,480,2024-01-01 12:30:41,2024-01-01 12:30:41
UCGEMpMpll4otCdnnxQ9paFg,さくゆい,12,2024-01-01 12:30:41,2024-01-01 12:30:41
UCggO2c1unS-oLwTLT0ICywg,Kotoka Torahime,319,2024-01-01 12:30:41,2024-01-01 12:30:41
UCGhqxhovNfaPBpxfCruy9EA,Fulgur Ovid,398,2024-01-01 12:30:41,2024-01-01 12:30:41
UCgIfLpQvelloDi8I0Ycbwpg,壱百満天原サロメ,483,2024-01-01 12:30:41,2024-01-01 12:30:41
UCgmFrRcyH7d1zR9sIVQhFow,ローレン・イロアス,575,2024-01-01 12:30:41,2024-01-01 12:30:41
UCGw7lrT-rVZCWHfdG9Frcgg,弦月藤士郎,681,2024-01-01 12:30:41,2024-01-01 12:30:41
UCGYAYLDE7TZiiC8U6teciDQ,葉加瀬冬雪,1315,2024-01-01 12:30:41,2024-01-01 12:30:41
UCgZ0pH7j6c9z-pkOG3PYw1Q,星導ショウ,238,2024-01-01 12:30:41,2024-01-01 12:30:41
UCh-GyPNxvjTsza0ptjnkh1w,VΔLZ,9,2024-01-01 12:30:41,2024-01-01 12:30:41
UCh98mDig5OrbsF-JUXbD5LA,Sepiast-セピアスト-,23,2024-01-01 12:30:41,2024-01-01 12:30:41
UCHBhnG2G-qN0JrrWmMO2FTA,シェリン・バーガンディ,691,2024-01-01 12:30:41,2024-01-01 12:30:41
UChdY64fJb14Nfnbs8EGdQig,叢雲カゲツ,291,2024-01-01 12:30:41,2024-01-01 12:30:41
UChJ5FTsHOu72_5OVx0rvsvQ,Uki Violeta,435,2024-01-01 12:30:41,2024-01-01 12:30:41
UCHjeZylSgXDSnor8wUnwU_g,Bonnivier Pranaja,311,2024-01-01 12:30:41,2024-01-01 12:30:41
UCHK5wkevfaGrPr7j3g56Jmw,瀬戸美夜子,1110,2024-01-01 12:30:41,2024-01-01 12:30:41
UChKXd7oqD18qiIYBoRIHTlw,Meloco Kyoran,239,2024-01-01 12:30:41,2024-01-01 12:30:41
UCHRCp0CSacVnTVS2Z4x9xYg,七次元生徒会,36,2024-01-01 12:30:41,2024-01-01 12:30:41
UChTA8kHyInr2rKZ2aBv5ULw,Victoria Brightshield,60,2024-01-01 12:30:41,2024-01-01 12:30:41
UChUJbHiTVeGrSkTdBzVfNCQ,ジョー・力一,696,2024-01-01 12:30:41,2024-01-01 12:30:41
UCHVXbQzkl3rDfsXWo8xi2qw,アンジュ・カトリーナ,666,2024-01-01 12:30:41,2024-01-01 12:30:41
UCHX7YpFG8rVwhsHCx34xt7w,雪城眞尋,771,2024-01-01 12:30:41,2024-01-01 12:30:41
UCi6nV5Z2dzFuXBzLG3P9zqQ,Shin Kiru,12,2024-01-01 12:30:41,2024-01-01 12:30:41
UCiA-trSZfB0i92V_-dyDqBw,倉持めると,275,2024-01-01 12:30:41,2024-01-01 12:30:41
UCIairB9UMDvqSKfMdv1jmjg,Zaion LanZa,0,2024-01-01 12:30:41,2024-01-01 12:30:41
UCIBj1-d71vKjRftiauF50pg,Hyona Elatiora,325,2024-01-01 12:30:41,2024-01-01 12:30:41
UCIeSUTOTkF9Hs7q3SGcO-Ow,Elira Pendora,654,2024-01-01 12:30:41,2024-01-01 12:30:41
UCIG9rDtgR45VCZmYnd-4DUw,ラトナ・プティ,997,2024-01-01 12:30:41,2024-01-01 12:30:41
UCijNnZ-6m8g85UGaRAWuw7g,Nagisa Arcinia,386,2024-01-01 12:30:41,2024-01-01 12:30:41
UCIM92Ok_spNKLVB5TsgwseQ,Mysta Rias,413,2024-01-01 12:30:41,2024-01-01 12:30:41
UCiSRx1a2k-0tOg-fs6gAolQ,飛鳥ひな,275,2024-01-01 12:30:41,2024-01-01 12:30:41
UCivwPlOp0ojnMPZj5pNOPPA,ソフィア・ヴァレンタイン,358,2024-01-01 12:30:41,2024-01-01 12:30:41
UCIytNcoz4pWzXfLda0DoULQ,エクス・アルビオ,1163,2024-01-01 12:30:41,2024-01-01 12:30:41
UCJ6LH4jMNy0JN9RSThz1mMQ,Han Chiho,368,2024-01-01 12:30:41,2024-01-01 12:30:41
UCjFu-9GHnabzSFRAYm1B9Dw,Etna Crimson,392,2024-01-01 12:30:41,2024-01-01 12:30:41
UCjlmCrq4TP1I4xguOtJ-31w,でびでび・でびる,1282,2024-01-01 12:30:41,2024-01-01 12:30:41
UCJubINhCcFXlsBwnHp0wl_g,舞元啓介,687,2024-01-01 12:30:41,2024-01-01 12:30:41
UCk5r533QVMgJUdWwqegH2TA,Azura Cecillia,556,2024-01-01 12:30:41,2024-01-01 12:30:41
UCK9l6rTwU3hiSZijIMq51Gw,Vezalius Bandage,162,2024-01-01 12:30:41,2024-01-01 12:30:41
UCkieJGn3pgJikVW8gmMXE2w,Nina Kosaka,533,2024-01-01 12:30:41,2024-01-01 12:30:41
UCkIimWZ9gBJRamKF0rmPU8w,天宮こころ,1177,2024-01-01 12:30:41,2024-01-01 12:30:41
UCkL9OLKjIQbKk2CztbpOCFg,Riksa Dhirendra,815,2024-01-01 12:30:41,2024-01-01 12:30:41
UCKMYISTJAQ8xTplUPHiABlA,社築,1196,2024-01-01 12:30:41,2024-01-01 12:30:41
UCkngxfPbmGyGl_RIq4FA3MQ,西園チグサ,1360,2024-01-01 12:30:41,2024-01-01 12:30:41
UCKpKC3M5fkcEvtOr06dmYlA,Yu Q. Wilson,131,2024-01-01 12:30:41,2024-01-01 12:30:41
UCKu59gTZ_rdEmerdx5rV4Yg,Ren Zotto,291,2024-01-01 12:30:41,2024-01-01 12:30:41
UCL_O_HXgLJx3Auteer0n0pA,周央サンゴ,748,2024-01-01 12:30:41,2024-01-01 12:30:41
UCl1oLKcAq93p-pwKfDGhiYQ,えま★おうがすと,558,2024-01-01 12:30:41,2024-01-01 12:30:41
UCL34fAoFim9oHLbVzMKFavQ,夜見れな,1584,2024-01-01 12:30:41,2024-01-01 12:30:41
UCLjx3lqIkYkPCBJop8czJ2A,Yang Nari,206,2024-01-01 12:30:41,2024-01-01 12:30:41
UCllKI7VjyANuS1RXatizfLQ,山神カルタ,987,2024-01-01 12:30:41,2024-01-01 12:30:41
UCLO9QDxVL4bnvRRsz6K4bsQ,勇気ちひろ,1694,2024-01-01 12:30:41,2024-01-01 12:30:41
UClrQ7xhRBxS_v_-WuudGKmA,鏑木ろこ,314,2024-01-01 12:30:41,2024-01-01 12:30:41
UClS6k3w1sPwlVFqK3-yID5A,Ryu Hari,369,2024-01-01 12:30:41,2024-01-01 12:30:41
UCmeyo5pRj_6PXG-CsGUuWWg,黒井しば,486,2024-01-01 12:30:41,2024-01-01 12:30:41
UCmovZ2th3Sqpd00F5RdeigQ,加賀美ハヤト,1049,2024-01-01 12:30:41,2024-01-01 12:30:41
UCmUjjW5zF1MMOhYUwwwQv9Q,宇志海いちご,652,2024-01-01 12:30:41,2024-01-01 12:30:41
UCmWqYB6y8gSfPONWGspuOWQ,Chae Ara,2,2024-01-01 12:30:41,2024-01-01 12:30:41
UCmZ1Rbthn-6Jm_qOGjYsh5A,イブラヒム,1153,2024-01-01 12:30:41,2024-01-01 12:30:41
UCMzVa7B8UEdrvUGsPmSgyjA,Derem Kado,644,2024-01-01 12:30:41,2024-01-01 12:30:41
UCN68LoM3khS4gdBMiWJO8WA,Aia Amare,396,2024-01-01 12:30:41,2024-01-01 12:30:41
UCnbJ8LTbHrsRgqkxwJXCU8w,立伝都々,47,2024-01-01 12:30:41,2024-01-01 12:30:41
UCNRh9kkByBTYLo0IJupnAug,VOLTACTION,299,2024-01-01 12:30:41,2024-01-01 12:30:41
UCnRQYHTnRLSF0cLJwMnedCg,相羽ういは,268,2024-01-01 12:30:41,2024-01-01 12:30:41
UCNW1Ex0r6HsWRD4LCtPwvoQ,三枝明那,747,2024-01-01 12:30:41,2024-01-01 12:30:41
UCo2N7C-Z91waaR6lF3LL_jw,甲斐田晴,1329,2024-01-01 12:30:41,2024-01-01 12:30:41
UCo7TRj3cS-f_1D9ZDmuTsjw,町田ちま,571,2024-01-01 12:30:41,2024-01-01 12:30:41
UCO8WcDsF5znr-qsXlzZNpqg,Ver Vermillion,257,2024-01-01 12:30:41,2024-01-01 12:30:41
UCoJ0Ct-jdas4cLPpSp06gZg,Xia Ekavira,442,2024-01-01 12:30:41,2024-01-01 12:30:41
UCoM_XmK45j504hfUWvN06Qg,成瀬鳴,814,2024-01-01 12:30:41,2024-01-01 12:30:41
UCOmjciHZ8Au3iKMElKXCF_g,Miyu Ottavia,5,2024-01-01 12:30:41,2024-01-01 12:30:41
UCoWH3sDpeXG1aXmOxveX4KA,Nara Haramaung,72,2024-01-01 12:30:41,2024-01-01 12:30:41
UCoztvTULBYd3WmStqYeoHcA,笹木咲,1119,2024-01-01 12:30:41,2024-01-01 12:30:41
UCP4nMSTdwU1KqYWu3UH5DHQ,Pomu Rainpuff,842,2024-01-01 12:30:41,2024-01-01 12:30:41
UCpJtk0myFr5WnyfsmnInP-w,Hana Macchia,722,2024-01-01 12:30:41,2024-01-01 12:30:41
UCpNH2Zk2gw3JBjWAKSyZcQQ,エリー・コニファー,560,2024-01-01 12:30:41,2024-01-01 12:30:41
UCpnvhOIJ6BN-vPkYU9ls-Eg,鈴谷アキ,1047,2024-01-01 12:30:41,2024-01-01 12:30:41
UCpRXCTyNNa-MnjhK6gisnRw,Gaon,506,2024-01-01 12:30:41,2024-01-01 12:30:41
UCPvGypSgfDkVe7JG2KygK7A,竜胆尊,421,2024-01-01 12:30:41,2024-01-01 12:30:41
UCpzxZW5kghGnO5TmAFJQAVw,Aster Arcadia,430,2024-01-01 12:30:41,2024-01-01 12:30:41
UCQ1zGxHrfEmmW4CPpBx9-qw,Alban Knox,550,2024-01-01 12:30:41,2024-01-01 12:30:41
UCqjTqdVlvIipZXIKeCkHKUA,オリバー・エバンス,450,2024-01-01 12:30:41,2024-01-01 12:30:41
UCqXxS-9x9Ha_UiH6hG4kh5Q,緋八マナ,201,2024-01-01 12:30:41,2024-01-01 12:30:41
UCR6qhsLpn62WVxCBK1dkLow,Enna Alouette,461,2024-01-01 12:30:41,2024-01-01 12:30:41
UCRcLAVTbmx2-iNcXSsupdNA,来栖夏芽,886,2024-01-01 12:30:41,2024-01-01 12:30:41
UCrhhJPNsOqzNIkUfTABoSpg,Ha Yun,519,2024-01-01 12:30:41,2024-01-01 12:30:41
UCRm6lqtdxs_Qo6HeL-SRQ-w,レイン・パターソン,859,2024-01-01 12:30:41,2024-01-01 12:30:41
UCRqBKoKuX30ruKAq05pCeRQ,北小路ヒスイ,622,2024-01-01 12:30:41,2024-01-01 12:30:41
UCrR7JxkbeLY82e8gsj_I0pQ,Amicia Michella,645,2024-01-01 12:30:41,2024-01-01 12:30:41
UCRV9d6YCYIMUszK-83TwxVA,轟京子,765,2024-01-01 12:30:41,2024-01-01 12:30:41
UCRWOdwLRsenx2jLaiCAIU4A,雨森小夜,75,2024-01-01 12:30:41,2024-01-01 12:30:41
UCryOPk2GZ1meIDt53tL30Tw,鈴木勝,887,2024-01-01 12:30:41,2024-01-01 12:30:41
UCS-XXTgVkotkbkDnGEprXpg,ましろ,365,2024-01-01 12:30:41,2024-01-01 12:30:41
UCsb-1aJgiJXJH2feV-zlZRw,Kyo Kaneko,430,2024-01-01 12:30:41,2024-01-01 12:30:41
UCSc_KzY_9WYAx9LghggjVRA,Yugo Asuma,0,2024-01-01 12:30:41,2024-01-01 12:30:41
UCSFCh5NL4qXrAy9u-u2lX3g,葛葉,1733,2024-01-01 12:30:41,2024-01-01 12:30:41
UCsFn_ueskBkMCEyzCEqAOvg,花畑チャイカ,897,2024-01-01 12:30:41,2024-01-01 12:30:41
UCsg-YqdqQ-KFF0LNk23BY4A,樋口楓,1245,2024-01-01 12:30:41,2024-01-01 12:30:41
UCSlv7Z-4q7_7NRkzJB10A5Q,Lee Siu,336,2024-01-01 12:30:41,2024-01-01 12:30:41
UCspv01oxUFf_MTSipURRhkA,叶,3283,2024-01-01 12:30:41,2024-01-01 12:30:41
UCStzBFfjwFYb0qSYHnzFZvw,NIJISANJI KR,27,2024-01-01 12:30:41,2024-01-01 12:30:41
UCt0clH12Xk1-Ej5PXKGfdPA,物述有栖,676,2024-01-01 12:30:41,2024-01-01 12:30:41
UCt5-0i4AVHXaWJrL8Wql3mw,緑仙,831,2024-01-01 12:30:41,2024-01-01 12:30:41
UCtAvQ5U0aXyKwm2i4GqFgJg,春崎エアル,418,2024-01-01 12:30:41,2024-01-01 12:30:41
UCtHY-tP0dyykhTRMmnfPs_g,海妹四葉,336,2024-01-01 12:30:41,2024-01-01 12:30:41
UCTIE7LM5X15NVugV7Krp9Hw,夢追翔,887,2024-01-01 12:30:41,2024-01-01 12:30:41
UCtLfA_qUqCJtjXJM2ZR_keg,石神のぞみ,252,2024-01-01 12:30:41,2024-01-01 12:30:41
UCtnO2N4kPTXmyvedjGWdx3Q,レヴィ・エリファ,1127,2024-01-01 12:30:41,2024-01-01 12:30:41
UCtpB6Bvhs1Um93ziEDACQ8g,森中花咲,506,2024-01-01 12:30:41,2024-01-01 12:30:41
UCu-J8uIXuLZh16gG-cT1naw,Finana Ryugu,661,2024-01-01 12:30:41,2024-01-01 12:30:41
UCu-rV2gPtJ-CsGxe71z_BrQ,五十嵐梨花,341,2024-01-01 12:30:41,2024-01-01 12:30:41
UCUc8GZfFxtmk7ZwSO7ccQ0g,ニュイ・ソシエール,1241,2024-01-01 12:30:41,2024-01-01 12:30:41
UCuep1JCrMvSxOGgGhBfJuYw,フレン・E・ルスタリオ,1005,2024-01-01 12:30:41,2024-01-01 12:30:41
UCufQu4q65z63IgE4cfKs1BQ,語部紡,4,2024-01-01 12:30:41,2024-01-01 12:30:41
UCUP8TmlO7NNra88AMqGU_vQ,小清水透,364,2024-01-01 12:30:41,2024-01-01 12:30:41
UCUtKkGKef8BYMs3h-3zQm9A,Min Suha,580,2024-01-01 12:30:41,2024-01-01 12:30:41
UCuuAb_72QzK0M1USPMEl1yw,Sonny Brisko,386,2024-01-01 12:30:41,2024-01-01 12:30:41
UCuvk5PilcvDECU7dDZhQiEw,白雪巴,1014,2024-01-01 12:30:41,2024-01-01 12:30:41
UCUzJ90o1EjqUbk2pBAy0_aw,ギルザレンⅢ世,46,2024-01-01 12:30:41,2024-01-01 12:30:41
UCv1fFr156jc65EMiLbaLImw,剣持刀也,475,2024-01-01 12:30:41,2024-01-01 12:30:41
UCV1xUwfM2v2oBtT3JNvic3w,Selen Tatsuki,839,2024-01-01 12:30:41,2024-01-01 12:30:41
UCV5ZZlLjk5MKGg3L0n0vbzw,鷹宮リオン,1883,2024-01-01 12:30:41,2024-01-01 12:30:41
UCveZ9Ic1VtcXbsyaBgxPMvg,童田明治,18,2024-01-01 12:30:41,2024-01-01 12:30:41
UCvmppcdYf4HOv-tFQhHHJMA,モイラ,538,2024-01-01 12:30:41,2024-01-01 12:30:41
UCvzVB-EYuHFXHZrObB8a_Og,矢車りね,260,2024-01-01 12:30:41,2024-01-01 12:30:41
UCwaS8_S7kMiKA3izlTWHbQg,Maria Marionette,470,2024-01-01 12:30:41,2024-01-01 12:30:41
UCwcyyxn6h9ex4sMXGtpQE_g,メリッサ・キンレンカ,0,2024-01-01 12:30:41,2024-01-01 12:30:41
UCwi4P78SVunSYAGrvC9aKcw,ROF-MAO,159,2024-01-01 12:30:41,2024-01-01 12:30:41
UCwokZsOK_uEre70XayaFnzA,鈴鹿詩子,862,2024-01-01 12:30:41,2024-01-01 12:30:41
UCwqtK-m6954_aHEvOYtZpyQ,Kunai Nakasato,78,2024-01-01 12:30:41,2024-01-01 12:30:41
UCwrjITPwG4q71HzihV2C7Nw,フミ,1282,2024-01-01 12:30:41,2024-01-01 12:30:41
UCWRPqA0ehhWV4Hnp27PJCkQ,獅子堂 あかり,383,2024-01-01 12:30:41,2024-01-01 12:30:41
UCWz0CSYCxf4MhRKPDm220AQ,神田笑一,1947,2024-01-01 12:30:41,2024-01-01 12:30:41
UCX7YkU9nEeaoZbkVLVajcMg,にじさんじ,1837,2024-01-01 12:30:41,2024-01-01 12:30:41
UCX88Pe54pxbJDSGIyGrzNdg,Na Sera,554,2024-01-01 12:30:41,2024-01-01 12:30:41
UCXRlIK3Cw_TJIQC5kSJJQMg,戌亥とこ,552,2024-01-01 12:30:41,2024-01-01 12:30:41
UCXU7YYxy_iQd3ulXyO-zC2w,伏見ガク,748,2024-01-01 12:30:41,2024-01-01 12:30:41
UCXW4MqCQn-jCaxlX-nn-BYg,長尾景,1317,2024-01-01 12:30:41,2024-01-01 12:30:41
UCxWcO9CLti4uouUIS5IIF-Q,Nornis,29,2024-01-01 12:30:41,2024-01-01 12:30:41
UCy8P3o5XlMpJGQY4WugzdNA,佐伯イッテツ,225,2024-01-01 12:30:41,2024-01-01 12:30:41
UCy91xBlY_Brh3bnHxKtjrrg,Doppio Dropscythe,281,2024-01-01 12:30:41,2024-01-01 12:30:41
UCYKP16oMX9KKPbrNgo_Kgag,える,2068,2024-01-01 12:30:41,2024-01-01 12:30:41
UCyqzU2nq7eGNi4kN0uHx7TA,Song Mia,27,2024-01-01 12:30:41,2024-01-01 12:30:41
UCyRkQSuhJILuGOuXk10voPg,Layla Alstroemeria,630,2024-01-01 12:30:41,2024-01-01 12:30:41
UCz_ZRw6ak4Foy8zZy0kEprQ,Hex Haywire,283,2024-01-01 12:30:41,2024-01-01 12:30:41
UCZ1xuCK1kNmn5RzPYIZop3w,リゼ・ヘルエスタ,774,2024-01-01 12:30:41,2024-01-01 12:30:41
UCZ5dNZsqBjBzbBl0l_IdmXg,Taka Radjiman,29,2024-01-01 12:30:41,2024-01-01 12:30:41
UCz6vnIbgiqFT9xUcD6Bp65Q,ChroNoiR,235,2024-01-01 12:30:41,2024-01-01 12:30:41
UCz89MGFBrAqwJ5xMr5weSuA,伊波ライ,232,2024-01-01 12:30:41,2024-01-01 12:30:41